﻿<?xml version="1.0" encoding="utf-8" ?>
<Sprites>
  <player_playback copy="player" path="characters/player_playback/">
    <Anim id="idle" path="idle" delay="0.1" goto="idle"/>
    <Anim id="idleA" path="idleA" delay="0.12" goto="idle"/>
    <Anim id="idleB" path="idleB" delay="0.16" goto="idle"/>
    <Anim id="idleC" path="idleC" delay="0.11" goto="idle"/>

    <Anim id="roll" path="roll" frames="0-12" delay="0.05"/>
    <Anim id="rollGetUp" path="roll" frames="12-16" delay=".1" goto="downed"/>
    <Loop id="downed" path="downed" delay="0.8" frames="0"/>

    <Metadata length="4" old="false">
      <Frames path="idleA" hair="0,-2|0,-2|0,-2|0,-3|0,-3|0,-3|0,-3|0,-3|0,-3|0,-3|0,-3|0,-2"/>
      <Frames path="idleB" hair="0,-2|0,-2|0,-2|0,-2|0,-2|0,-2|0,-3|0,-3|0,-3|0,-3|0,-3|0,-3|0,-3|0,-3|0,-3"/>
      <Frames path="idleC" hair="0,-2|0,-1|0,-3|0,-2|0,-1|0,-3| 0,-1|0,-3|0,-1|0,-2|0,-3|0,-1|0,-2|0,-2|0,-2"/>
    </Metadata>
  </player_playback>

  <MaxHelpingHand_FlagPickup_Coin path="MaxHelpingHand/flagpickup/Coin/">
    <Center/>
    <Loop id="still" path="Coin" frames="0"/>
    <Loop id="following" path="Coin" frames="1-8" delay="0.07"/>
    <Anim id="collect" path="Coin" frames="9-19" delay="0.07"/>
  </MaxHelpingHand_FlagPickup_Coin>
  <MaxHelpingHand_FlagPickup_Flag path="MaxHelpingHand/flagpickup/Flag/">
    <Center/>
    <Loop id="still" path="Flag" frames="0"/>
    <Loop id="following" path="Flag" frames="1-8" delay="0.07"/>
    <Anim id="collect" path="Flag" frames="9-19" delay="0.07"/>
  </MaxHelpingHand_FlagPickup_Flag>
</Sprites>